-- MySQL dump 10.13  Distrib 5.6.24, for linux-glibc2.5 (x86_64)
--
-- Host: localhost    Database: aptcomplexdbtest
-- ------------------------------------------------------
-- Server version	5.5.44-0ubuntu0.14.04.1

/*!40101 SET @OLD_CHARACTER_SET_CLIENT=@@CHARACTER_SET_CLIENT */;
/*!40101 SET @OLD_CHARACTER_SET_RESULTS=@@CHARACTER_SET_RESULTS */;
/*!40101 SET @OLD_COLLATION_CONNECTION=@@COLLATION_CONNECTION */;
/*!40101 SET NAMES utf8 */;
/*!40103 SET @OLD_TIME_ZONE=@@TIME_ZONE */;
/*!40103 SET TIME_ZONE='+00:00' */;
/*!40014 SET @OLD_UNIQUE_CHECKS=@@UNIQUE_CHECKS, UNIQUE_CHECKS=0 */;
/*!40014 SET @OLD_FOREIGN_KEY_CHECKS=@@FOREIGN_KEY_CHECKS, FOREIGN_KEY_CHECKS=0 */;
/*!40101 SET @OLD_SQL_MODE=@@SQL_MODE, SQL_MODE='NO_AUTO_VALUE_ON_ZERO' */;
/*!40111 SET @OLD_SQL_NOTES=@@SQL_NOTES, SQL_NOTES=0 */;

--
-- Table structure for table `apartment`
--

DROP TABLE IF EXISTS `apartment`;
/*!40101 SET @saved_cs_client     = @@character_set_client */;
/*!40101 SET character_set_client = utf8 */;
CREATE TABLE `apartment` (
  `id` int(11) NOT NULL AUTO_INCREMENT,
  `number` varchar(4) NOT NULL,
  `version` bigint(20) NOT NULL DEFAULT '1',
  PRIMARY KEY (`id`),
  UNIQUE KEY `apt_nmbr_uq` (`number`)
) ENGINE=InnoDB AUTO_INCREMENT=37 DEFAULT CHARSET=latin1;
/*!40101 SET character_set_client = @saved_cs_client */;

--
-- Dumping data for table `apartment`
--

LOCK TABLES `apartment` WRITE;
/*!40000 ALTER TABLE `apartment` DISABLE KEYS */;
INSERT INTO `apartment` VALUES (1,'203',0),(2,'101',0),(3,'1001',0),(4,'1201',0),(5,'1203',0),(6,'501',0),(7,'503',0),(8,'102',0),(9,'103',0),(10,'702',0),(11,'803',0),(12,'602',0),(13,'1202',0),(14,'701',0),(15,'1102',0),(16,'603',0),(17,'403',0),(18,'601',0),(19,'201',0),(20,'801',0),(21,'502',0),(22,'202',0),(23,'301',0),(24,'1101',0),(25,'703',0),(26,'1103',0),(27,'302',0),(28,'901',0),(29,'402',0),(30,'303',0),(31,'401',0),(32,'902',0),(33,'903',0),(34,'1002',0),(35,'802',0),(36,'1003',0);
/*!40000 ALTER TABLE `apartment` ENABLE KEYS */;
UNLOCK TABLES;

--
-- Table structure for table `apartment_balance`
--

DROP TABLE IF EXISTS `apartment_balance`;
/*!40101 SET @saved_cs_client     = @@character_set_client */;
/*!40101 SET character_set_client = utf8 */;
CREATE TABLE `apartment_balance` (
  `id` int(11) NOT NULL AUTO_INCREMENT,
  `entity_balance_group_id` int(11) NOT NULL,
  `apartment_id` int(11) DEFAULT NULL,
  `apartment_number` varchar(4) NOT NULL,
  PRIMARY KEY (`id`),
  UNIQUE KEY `entity_balance_group_id` (`entity_balance_group_id`,`apartment_id`),
  KEY `fk_aprtmntblnc_aprtmnt` (`apartment_id`),
  CONSTRAINT `fk_aprtmntblnc_aprtmnt` FOREIGN KEY (`apartment_id`) REFERENCES `apartment` (`id`),
  CONSTRAINT `fk_aprtmntblnc_enttyblncgrp` FOREIGN KEY (`entity_balance_group_id`) REFERENCES `entity_balance_group` (`id`)
) ENGINE=InnoDB AUTO_INCREMENT=73 DEFAULT CHARSET=latin1;
/*!40101 SET character_set_client = @saved_cs_client */;

--
-- Dumping data for table `apartment_balance`
--

LOCK TABLES `apartment_balance` WRITE;
/*!40000 ALTER TABLE `apartment_balance` DISABLE KEYS */;
INSERT INTO `apartment_balance` VALUES (1,1,2,'101'),(2,1,5,'1203'),(3,1,8,'102'),(4,1,19,'201'),(5,1,23,'301'),(6,1,22,'202'),(7,1,26,'1103'),(8,1,13,'1202'),(9,1,9,'103'),(10,1,1,'203'),(11,1,15,'1102'),(12,1,4,'1201'),(13,1,27,'302'),(14,1,31,'401'),(15,1,36,'1003'),(16,1,34,'1002'),(17,1,6,'501'),(18,1,24,'1101'),(19,1,30,'303'),(20,1,29,'402'),(21,1,3,'1001'),(22,1,18,'601'),(23,1,21,'502'),(24,1,17,'403'),(25,1,7,'503'),(26,1,14,'701'),(27,1,12,'602'),(28,1,10,'702'),(29,1,20,'801'),(30,1,16,'603'),(31,1,25,'703'),(32,1,35,'802'),(33,1,28,'901'),(34,1,32,'902'),(35,1,11,'803'),(36,1,33,'903'),(37,2,2,'101'),(38,2,19,'201'),(39,2,5,'1203'),(40,2,8,'102'),(41,2,23,'301'),(42,2,13,'1202'),(43,2,22,'202'),(44,2,26,'1103'),(45,2,9,'103'),(46,2,1,'203'),(47,2,27,'302'),(48,2,4,'1201'),(49,2,15,'1102'),(50,2,31,'401'),(51,2,36,'1003'),(52,2,30,'303'),(53,2,34,'1002'),(54,2,6,'501'),(55,2,29,'402'),(56,2,24,'1101'),(57,2,3,'1001'),(58,2,17,'403'),(59,2,21,'502'),(60,2,18,'601'),(61,2,14,'701'),(62,2,7,'503'),(63,2,12,'602'),(64,2,16,'603'),(65,2,10,'702'),(66,2,20,'801'),(67,2,35,'802'),(68,2,25,'703'),(69,2,28,'901'),(70,2,11,'803'),(71,2,32,'902'),(72,2,33,'903');
/*!40000 ALTER TABLE `apartment_balance` ENABLE KEYS */;
UNLOCK TABLES;

--
-- Table structure for table `apartment_fee`
--

DROP TABLE IF EXISTS `apartment_fee`;
/*!40101 SET @saved_cs_client     = @@character_set_client */;
/*!40101 SET character_set_client = utf8 */;
CREATE TABLE `apartment_fee` (
  `apartment_balance_id` int(11) NOT NULL,
  `bill_id` int(11) NOT NULL,
  PRIMARY KEY (`apartment_balance_id`,`bill_id`),
  KEY `fk_aprtmntf_bll` (`bill_id`),
  CONSTRAINT `fk_aprtmntf_aprtmntblnc` FOREIGN KEY (`apartment_balance_id`) REFERENCES `apartment_balance` (`id`),
  CONSTRAINT `fk_aprtmntf_bll` FOREIGN KEY (`bill_id`) REFERENCES `bill` (`id`)
) ENGINE=InnoDB DEFAULT CHARSET=latin1;
/*!40101 SET character_set_client = @saved_cs_client */;

--
-- Dumping data for table `apartment_fee`
--

LOCK TABLES `apartment_fee` WRITE;
/*!40000 ALTER TABLE `apartment_fee` DISABLE KEYS */;
INSERT INTO `apartment_fee` VALUES (1,1),(2,2),(3,3),(4,4),(5,5),(6,6),(7,7),(8,8),(9,9),(10,10),(11,11),(12,12),(13,13),(14,14),(15,15),(16,16),(17,17),(18,18),(19,19),(20,20),(21,21),(22,22),(23,23),(24,24),(25,25),(26,26),(27,27),(28,28),(29,29),(30,30),(31,31),(32,32),(33,33),(34,34),(35,35),(36,36),(37,37),(38,38),(39,39),(40,40),(41,41),(42,42),(43,43),(44,44),(45,45),(46,46),(47,47),(48,48),(49,49),(50,50),(51,51),(52,52),(53,53),(54,54),(55,55),(56,56),(57,57),(58,58),(59,59),(60,60),(61,61),(62,62),(63,63),(64,64),(65,65),(66,66),(67,67),(68,68),(69,69),(70,70),(71,71),(72,72);
/*!40000 ALTER TABLE `apartment_fee` ENABLE KEYS */;
UNLOCK TABLES;

--
-- Table structure for table `balance_divergence`
--

DROP TABLE IF EXISTS `balance_divergence`;
/*!40101 SET @saved_cs_client     = @@character_set_client */;
/*!40101 SET character_set_client = utf8 */;
CREATE TABLE `balance_divergence` (
  `id` int(11) NOT NULL AUTO_INCREMENT,
  `type` enum('FEES_PAYMENTS','INVESTMENT_INTERESTS','PAYROLL','SOCIAL_CHARGES','WATER','ELECTRICITY','TELEPHONE','CONDO_ADMINISTRATION','GATE_MAINTENANCE','CAM_MAINTENANCE','ELEVATOR_MAINTENANCE','SECURITY','ENGINEERING','BANK_RATE','CUSTOM') NOT NULL,
  `value` decimal(15,2) NOT NULL,
  `description` text,
  `entity_balance_group_id` int(11) NOT NULL,
  `version` bigint(20) NOT NULL DEFAULT '1',
  PRIMARY KEY (`id`),
  KEY `fk_blncdvrgnc_enttyblncGRP` (`entity_balance_group_id`),
  CONSTRAINT `fk_blncdvrgnc_enttyblncGRP` FOREIGN KEY (`entity_balance_group_id`) REFERENCES `entity_balance_group` (`id`)
) ENGINE=InnoDB AUTO_INCREMENT=3 DEFAULT CHARSET=latin1;
/*!40101 SET character_set_client = @saved_cs_client */;

--
-- Dumping data for table `balance_divergence`
--

LOCK TABLES `balance_divergence` WRITE;
/*!40000 ALTER TABLE `balance_divergence` DISABLE KEYS */;
INSERT INTO `balance_divergence` VALUES (1,'FEES_PAYMENTS',500.00,'SOME SMALL DEVIATION FROM THE WHOLE VALUE (WTF?)',1,0),(2,'FEES_PAYMENTS',500.00,'SOME SMALL DEVIATION FROM THE WHOLE VALUE (WTF?)',2,0);
/*!40000 ALTER TABLE `balance_divergence` ENABLE KEYS */;
UNLOCK TABLES;

--
-- Table structure for table `bill`
--

DROP TABLE IF EXISTS `bill`;
/*!40101 SET @saved_cs_client     = @@character_set_client */;
/*!40101 SET character_set_client = utf8 */;
CREATE TABLE `bill` (
  `id` int(11) NOT NULL AUTO_INCREMENT,
  `version` bigint(20) NOT NULL DEFAULT '1',
  PRIMARY KEY (`id`)
) ENGINE=InnoDB AUTO_INCREMENT=73 DEFAULT CHARSET=latin1;
/*!40101 SET character_set_client = @saved_cs_client */;

--
-- Dumping data for table `bill`
--

LOCK TABLES `bill` WRITE;
/*!40000 ALTER TABLE `bill` DISABLE KEYS */;
INSERT INTO `bill` VALUES (1,0),(2,0),(3,0),(4,0),(5,0),(6,0),(7,0),(8,0),(9,0),(10,0),(11,0),(12,0),(13,0),(14,0),(15,0),(16,0),(17,0),(18,0),(19,0),(20,0),(21,0),(22,0),(23,0),(24,0),(25,0),(26,0),(27,0),(28,0),(29,0),(30,0),(31,0),(32,0),(33,0),(34,0),(35,0),(36,0),(37,0),(38,0),(39,0),(40,0),(41,0),(42,0),(43,0),(44,0),(45,0),(46,0),(47,0),(48,0),(49,0),(50,0),(51,0),(52,0),(53,0),(54,0),(55,0),(56,0),(57,0),(58,0),(59,0),(60,0),(61,0),(62,0),(63,0),(64,0),(65,0),(66,0),(67,0),(68,0),(69,0),(70,0),(71,0),(72,0);
/*!40000 ALTER TABLE `bill` ENABLE KEYS */;
UNLOCK TABLES;

--
-- Table structure for table `bill_item`
--

DROP TABLE IF EXISTS `bill_item`;
/*!40101 SET @saved_cs_client     = @@character_set_client */;
/*!40101 SET character_set_client = utf8 */;
CREATE TABLE `bill_item` (
  `id` int(11) NOT NULL AUTO_INCREMENT,
  `type` enum('CUSTOM','CONDOMINIUM_FEE','CONDOMINIUM_SURCHARGE','CONDOMINIUM_DISCOUNT') DEFAULT NULL,
  `value` decimal(15,2) NOT NULL,
  `description` varchar(255) DEFAULT NULL,
  `bill_id` int(11) NOT NULL,
  `version` bigint(20) NOT NULL DEFAULT '1',
  PRIMARY KEY (`id`),
  KEY `fk_bllitm_bll` (`bill_id`),
  CONSTRAINT `fk_bllitm_bll` FOREIGN KEY (`bill_id`) REFERENCES `bill` (`id`)
) ENGINE=InnoDB AUTO_INCREMENT=145 DEFAULT CHARSET=latin1;
/*!40101 SET character_set_client = @saved_cs_client */;

--
-- Dumping data for table `bill_item`
--

LOCK TABLES `bill_item` WRITE;
/*!40000 ALTER TABLE `bill_item` DISABLE KEYS */;
INSERT INTO `bill_item` VALUES (1,'CONDOMINIUM_FEE',800.00,NULL,1,0),(2,'CONDOMINIUM_SURCHARGE',250.00,NULL,1,0),(3,'CONDOMINIUM_FEE',800.00,NULL,2,0),(4,'CONDOMINIUM_SURCHARGE',250.00,NULL,2,0),(5,'CONDOMINIUM_FEE',800.00,NULL,3,0),(6,'CONDOMINIUM_SURCHARGE',250.00,NULL,3,0),(7,'CONDOMINIUM_FEE',800.00,NULL,4,0),(8,'CONDOMINIUM_SURCHARGE',250.00,NULL,4,0),(9,'CONDOMINIUM_FEE',800.00,NULL,5,0),(10,'CONDOMINIUM_SURCHARGE',250.00,NULL,5,0),(11,'CONDOMINIUM_FEE',800.00,NULL,6,0),(12,'CONDOMINIUM_SURCHARGE',250.00,NULL,6,0),(13,'CONDOMINIUM_FEE',800.00,NULL,7,0),(14,'CONDOMINIUM_SURCHARGE',250.00,NULL,7,0),(15,'CONDOMINIUM_FEE',800.00,NULL,8,0),(16,'CONDOMINIUM_SURCHARGE',250.00,NULL,8,0),(17,'CONDOMINIUM_FEE',800.00,NULL,9,0),(18,'CONDOMINIUM_SURCHARGE',250.00,NULL,9,0),(19,'CONDOMINIUM_FEE',800.00,NULL,10,0),(20,'CONDOMINIUM_SURCHARGE',250.00,NULL,10,0),(21,'CONDOMINIUM_FEE',800.00,NULL,11,0),(22,'CONDOMINIUM_SURCHARGE',250.00,NULL,11,0),(23,'CONDOMINIUM_FEE',800.00,NULL,12,0),(24,'CONDOMINIUM_SURCHARGE',250.00,NULL,12,0),(25,'CONDOMINIUM_FEE',800.00,NULL,13,0),(26,'CONDOMINIUM_SURCHARGE',250.00,NULL,13,0),(27,'CONDOMINIUM_FEE',800.00,NULL,14,0),(28,'CONDOMINIUM_SURCHARGE',250.00,NULL,14,0),(29,'CONDOMINIUM_FEE',800.00,NULL,15,0),(30,'CONDOMINIUM_SURCHARGE',250.00,NULL,15,0),(31,'CONDOMINIUM_FEE',800.00,NULL,16,0),(32,'CONDOMINIUM_SURCHARGE',250.00,NULL,16,0),(33,'CONDOMINIUM_FEE',800.00,NULL,17,0),(34,'CONDOMINIUM_SURCHARGE',250.00,NULL,17,0),(35,'CONDOMINIUM_FEE',800.00,NULL,18,0),(36,'CONDOMINIUM_SURCHARGE',250.00,NULL,18,0),(37,'CONDOMINIUM_FEE',800.00,NULL,19,0),(38,'CONDOMINIUM_SURCHARGE',250.00,NULL,19,0),(39,'CONDOMINIUM_FEE',800.00,NULL,20,0),(40,'CONDOMINIUM_SURCHARGE',250.00,NULL,20,0),(41,'CONDOMINIUM_FEE',800.00,NULL,21,0),(42,'CONDOMINIUM_SURCHARGE',250.00,NULL,21,0),(43,'CONDOMINIUM_FEE',800.00,NULL,22,0),(44,'CONDOMINIUM_SURCHARGE',250.00,NULL,22,0),(45,'CONDOMINIUM_FEE',800.00,NULL,23,0),(46,'CONDOMINIUM_SURCHARGE',250.00,NULL,23,0),(47,'CONDOMINIUM_FEE',800.00,NULL,24,0),(48,'CONDOMINIUM_SURCHARGE',250.00,NULL,24,0),(49,'CONDOMINIUM_FEE',800.00,NULL,25,0),(50,'CONDOMINIUM_SURCHARGE',250.00,NULL,25,0),(51,'CONDOMINIUM_FEE',800.00,NULL,26,0),(52,'CONDOMINIUM_SURCHARGE',250.00,NULL,26,0),(53,'CONDOMINIUM_FEE',800.00,NULL,27,0),(54,'CONDOMINIUM_SURCHARGE',250.00,NULL,27,0),(55,'CONDOMINIUM_FEE',800.00,NULL,28,0),(56,'CONDOMINIUM_SURCHARGE',250.00,NULL,28,0),(57,'CONDOMINIUM_FEE',800.00,NULL,29,0),(58,'CONDOMINIUM_SURCHARGE',250.00,NULL,29,0),(59,'CONDOMINIUM_FEE',800.00,NULL,30,0),(60,'CONDOMINIUM_SURCHARGE',250.00,NULL,30,0),(61,'CONDOMINIUM_FEE',800.00,NULL,31,0),(62,'CONDOMINIUM_SURCHARGE',250.00,NULL,31,0),(63,'CONDOMINIUM_FEE',800.00,NULL,32,0),(64,'CONDOMINIUM_SURCHARGE',250.00,NULL,32,0),(65,'CONDOMINIUM_FEE',800.00,NULL,33,0),(66,'CONDOMINIUM_SURCHARGE',250.00,NULL,33,0),(67,'CONDOMINIUM_FEE',800.00,NULL,34,0),(68,'CONDOMINIUM_SURCHARGE',250.00,NULL,34,0),(69,'CONDOMINIUM_FEE',800.00,NULL,35,0),(70,'CONDOMINIUM_SURCHARGE',250.00,NULL,35,0),(71,'CONDOMINIUM_FEE',800.00,NULL,36,0),(72,'CONDOMINIUM_SURCHARGE',250.00,NULL,36,0),(73,'CONDOMINIUM_FEE',800.00,NULL,37,0),(74,'CONDOMINIUM_SURCHARGE',250.00,NULL,37,0),(75,'CONDOMINIUM_FEE',800.00,NULL,38,0),(76,'CONDOMINIUM_SURCHARGE',250.00,NULL,38,0),(77,'CONDOMINIUM_FEE',800.00,NULL,39,0),(78,'CONDOMINIUM_SURCHARGE',250.00,NULL,39,0),(79,'CONDOMINIUM_FEE',800.00,NULL,40,0),(80,'CONDOMINIUM_SURCHARGE',250.00,NULL,40,0),(81,'CONDOMINIUM_FEE',800.00,NULL,41,0),(82,'CONDOMINIUM_SURCHARGE',250.00,NULL,41,0),(83,'CONDOMINIUM_FEE',800.00,NULL,42,0),(84,'CONDOMINIUM_SURCHARGE',250.00,NULL,42,0),(85,'CONDOMINIUM_FEE',800.00,NULL,43,0),(86,'CONDOMINIUM_SURCHARGE',250.00,NULL,43,0),(87,'CONDOMINIUM_FEE',800.00,NULL,44,0),(88,'CONDOMINIUM_SURCHARGE',250.00,NULL,44,0),(89,'CONDOMINIUM_FEE',800.00,NULL,45,0),(90,'CONDOMINIUM_SURCHARGE',250.00,NULL,45,0),(91,'CONDOMINIUM_FEE',800.00,NULL,46,0),(92,'CONDOMINIUM_SURCHARGE',250.00,NULL,46,0),(93,'CONDOMINIUM_FEE',800.00,NULL,47,0),(94,'CONDOMINIUM_SURCHARGE',250.00,NULL,47,0),(95,'CONDOMINIUM_FEE',800.00,NULL,48,0),(96,'CONDOMINIUM_SURCHARGE',250.00,NULL,48,0),(97,'CONDOMINIUM_FEE',800.00,NULL,49,0),(98,'CONDOMINIUM_SURCHARGE',250.00,NULL,49,0),(99,'CONDOMINIUM_FEE',800.00,NULL,50,0),(100,'CONDOMINIUM_SURCHARGE',250.00,NULL,50,0),(101,'CONDOMINIUM_FEE',800.00,NULL,51,0),(102,'CONDOMINIUM_SURCHARGE',250.00,NULL,51,0),(103,'CONDOMINIUM_FEE',800.00,NULL,52,0),(104,'CONDOMINIUM_SURCHARGE',250.00,NULL,52,0),(105,'CONDOMINIUM_FEE',800.00,NULL,53,0),(106,'CONDOMINIUM_SURCHARGE',250.00,NULL,53,0),(107,'CONDOMINIUM_FEE',800.00,NULL,54,0),(108,'CONDOMINIUM_SURCHARGE',250.00,NULL,54,0),(109,'CONDOMINIUM_FEE',800.00,NULL,55,0),(110,'CONDOMINIUM_SURCHARGE',250.00,NULL,55,0),(111,'CONDOMINIUM_FEE',800.00,NULL,56,0),(112,'CONDOMINIUM_SURCHARGE',250.00,NULL,56,0),(113,'CONDOMINIUM_FEE',800.00,NULL,57,0),(114,'CONDOMINIUM_SURCHARGE',250.00,NULL,57,0),(115,'CONDOMINIUM_FEE',800.00,NULL,58,0),(116,'CONDOMINIUM_SURCHARGE',250.00,NULL,58,0),(117,'CONDOMINIUM_FEE',800.00,NULL,59,0),(118,'CONDOMINIUM_SURCHARGE',250.00,NULL,59,0),(119,'CONDOMINIUM_FEE',800.00,NULL,60,0),(120,'CONDOMINIUM_SURCHARGE',250.00,NULL,60,0),(121,'CONDOMINIUM_FEE',800.00,NULL,61,0),(122,'CONDOMINIUM_SURCHARGE',250.00,NULL,61,0),(123,'CONDOMINIUM_FEE',800.00,NULL,62,0),(124,'CONDOMINIUM_SURCHARGE',250.00,NULL,62,0),(125,'CONDOMINIUM_FEE',800.00,NULL,63,0),(126,'CONDOMINIUM_SURCHARGE',250.00,NULL,63,0),(127,'CONDOMINIUM_FEE',800.00,NULL,64,0),(128,'CONDOMINIUM_SURCHARGE',250.00,NULL,64,0),(129,'CONDOMINIUM_FEE',800.00,NULL,65,0),(130,'CONDOMINIUM_SURCHARGE',250.00,NULL,65,0),(131,'CONDOMINIUM_FEE',800.00,NULL,66,0),(132,'CONDOMINIUM_SURCHARGE',250.00,NULL,66,0),(133,'CONDOMINIUM_FEE',800.00,NULL,67,0),(134,'CONDOMINIUM_SURCHARGE',250.00,NULL,67,0),(135,'CONDOMINIUM_FEE',800.00,NULL,68,0),(136,'CONDOMINIUM_SURCHARGE',250.00,NULL,68,0),(137,'CONDOMINIUM_FEE',800.00,NULL,69,0),(138,'CONDOMINIUM_SURCHARGE',250.00,NULL,69,0),(139,'CONDOMINIUM_FEE',800.00,NULL,70,0),(140,'CONDOMINIUM_SURCHARGE',250.00,NULL,70,0),(141,'CONDOMINIUM_FEE',800.00,NULL,71,0),(142,'CONDOMINIUM_SURCHARGE',250.00,NULL,71,0),(143,'CONDOMINIUM_FEE',800.00,NULL,72,0),(144,'CONDOMINIUM_SURCHARGE',250.00,NULL,72,0);
/*!40000 ALTER TABLE `bill_item` ENABLE KEYS */;
UNLOCK TABLES;

--
-- Table structure for table `bill_payment`
--

DROP TABLE IF EXISTS `bill_payment`;
/*!40101 SET @saved_cs_client     = @@character_set_client */;
/*!40101 SET character_set_client = utf8 */;
CREATE TABLE `bill_payment` (
  `bill_id` int(11) NOT NULL,
  `payment_id` int(11) NOT NULL,
  PRIMARY KEY (`bill_id`,`payment_id`),
  KEY `fk_bllpymnt_pymnt` (`payment_id`),
  CONSTRAINT `fk_bllpymnt_bll` FOREIGN KEY (`bill_id`) REFERENCES `bill` (`id`),
  CONSTRAINT `fk_bllpymnt_pymnt` FOREIGN KEY (`payment_id`) REFERENCES `payment` (`id`)
) ENGINE=InnoDB DEFAULT CHARSET=latin1;
/*!40101 SET character_set_client = @saved_cs_client */;

--
-- Dumping data for table `bill_payment`
--

LOCK TABLES `bill_payment` WRITE;
/*!40000 ALTER TABLE `bill_payment` DISABLE KEYS */;
INSERT INTO `bill_payment` VALUES (1,1),(2,2),(3,3),(4,4),(5,5),(6,6),(7,7),(9,8),(10,9),(11,10),(12,11),(14,12),(17,13),(18,14),(21,15),(22,16),(23,17),(24,18),(25,19),(26,20),(27,21),(28,22),(29,23),(31,24),(33,25),(34,26),(35,27),(36,28),(37,29),(39,30),(40,31),(42,32),(43,33),(45,34),(46,35),(47,36),(48,37),(49,38),(51,39),(53,40),(54,41),(56,42),(58,43),(59,44),(60,45),(61,46),(62,47),(64,48),(66,49),(69,50),(70,51),(71,52);
/*!40000 ALTER TABLE `bill_payment` ENABLE KEYS */;
UNLOCK TABLES;

--
-- Table structure for table `bill_with_due_date`
--

DROP TABLE IF EXISTS `bill_with_due_date`;
/*!40101 SET @saved_cs_client     = @@character_set_client */;
/*!40101 SET character_set_client = utf8 */;
CREATE TABLE `bill_with_due_date` (
  `id` int(11) NOT NULL,
  `due_date` datetime NOT NULL,
  `version` bigint(20) NOT NULL DEFAULT '1',
  PRIMARY KEY (`id`),
  CONSTRAINT `fk_bllwthddt_bll` FOREIGN KEY (`id`) REFERENCES `bill` (`id`)
) ENGINE=InnoDB DEFAULT CHARSET=latin1;
/*!40101 SET character_set_client = @saved_cs_client */;

--
-- Dumping data for table `bill_with_due_date`
--

LOCK TABLES `bill_with_due_date` WRITE;
/*!40000 ALTER TABLE `bill_with_due_date` DISABLE KEYS */;
INSERT INTO `bill_with_due_date` VALUES (1,'2015-05-10 03:00:00',1),(2,'2015-05-10 03:00:00',1),(3,'2015-05-10 03:00:00',1),(4,'2015-05-10 03:00:00',1),(5,'2015-05-10 03:00:00',1),(6,'2015-05-10 03:00:00',1),(7,'2015-05-10 03:00:00',1),(8,'2015-05-10 03:00:00',1),(9,'2015-05-10 03:00:00',1),(10,'2015-05-10 03:00:00',1),(11,'2015-05-10 03:00:00',1),(12,'2015-05-10 03:00:00',1),(13,'2015-05-10 03:00:00',1),(14,'2015-05-10 03:00:00',1),(15,'2015-05-10 03:00:00',1),(16,'2015-05-10 03:00:00',1),(17,'2015-05-10 03:00:00',1),(18,'2015-05-10 03:00:00',1),(19,'2015-05-10 03:00:00',1),(20,'2015-05-10 03:00:00',1),(21,'2015-05-10 03:00:00',1),(22,'2015-05-10 03:00:00',1),(23,'2015-05-10 03:00:00',1),(24,'2015-05-10 03:00:00',1),(25,'2015-05-10 03:00:00',1),(26,'2015-05-10 03:00:00',1),(27,'2015-05-10 03:00:00',1),(28,'2015-05-10 03:00:00',1),(29,'2015-05-10 03:00:00',1),(30,'2015-05-10 03:00:00',1),(31,'2015-05-10 03:00:00',1),(32,'2015-05-10 03:00:00',1),(33,'2015-05-10 03:00:00',1),(34,'2015-05-10 03:00:00',1),(35,'2015-05-10 03:00:00',1),(36,'2015-05-10 03:00:00',1),(37,'2015-06-10 03:00:00',1),(38,'2015-06-10 03:00:00',1),(39,'2015-06-10 03:00:00',1),(40,'2015-06-10 03:00:00',1),(41,'2015-06-10 03:00:00',1),(42,'2015-06-10 03:00:00',1),(43,'2015-06-10 03:00:00',1),(44,'2015-06-10 03:00:00',1),(45,'2015-06-10 03:00:00',1),(46,'2015-06-10 03:00:00',1),(47,'2015-06-10 03:00:00',1),(48,'2015-06-10 03:00:00',1),(49,'2015-06-10 03:00:00',1),(50,'2015-06-10 03:00:00',1),(51,'2015-06-10 03:00:00',1),(52,'2015-06-10 03:00:00',1),(53,'2015-06-10 03:00:00',1),(54,'2015-06-10 03:00:00',1),(55,'2015-06-10 03:00:00',1),(56,'2015-06-10 03:00:00',1),(57,'2015-06-10 03:00:00',1),(58,'2015-06-10 03:00:00',1),(59,'2015-06-10 03:00:00',1),(60,'2015-06-10 03:00:00',1),(61,'2015-06-10 03:00:00',1),(62,'2015-06-10 03:00:00',1),(63,'2015-06-10 03:00:00',1),(64,'2015-06-10 03:00:00',1),(65,'2015-06-10 03:00:00',1),(66,'2015-06-10 03:00:00',1),(67,'2015-06-10 03:00:00',1),(68,'2015-06-10 03:00:00',1),(69,'2015-06-10 03:00:00',1),(70,'2015-06-10 03:00:00',1),(71,'2015-06-10 03:00:00',1),(72,'2015-06-10 03:00:00',1);
/*!40000 ALTER TABLE `bill_with_due_date` ENABLE KEYS */;
UNLOCK TABLES;

--
-- Table structure for table `entity_balance_group`
--

DROP TABLE IF EXISTS `entity_balance_group`;
/*!40101 SET @saved_cs_client     = @@character_set_client */;
/*!40101 SET character_set_client = utf8 */;
CREATE TABLE `entity_balance_group` (
  `id` int(11) NOT NULL AUTO_INCREMENT,
  `description` varchar(255) DEFAULT NULL,
  `type` enum('INCOMES','PERSONNEL','UTILITIES','CONTRACTS','GENERAL_SERVICES','BANKS','OTHERS') NOT NULL,
  `monthly_balance_id` int(11) NOT NULL,
  `version` bigint(20) NOT NULL DEFAULT '1',
  PRIMARY KEY (`id`),
  KEY `fk_enttyblncgrp_mnthlyblnc` (`monthly_balance_id`),
  CONSTRAINT `fk_enttyblncgrp_mnthlyblnc` FOREIGN KEY (`monthly_balance_id`) REFERENCES `monthly_balance` (`id`)
) ENGINE=InnoDB AUTO_INCREMENT=3 DEFAULT CHARSET=latin1;
/*!40101 SET character_set_client = @saved_cs_client */;

--
-- Dumping data for table `entity_balance_group`
--

LOCK TABLES `entity_balance_group` WRITE;
/*!40000 ALTER TABLE `entity_balance_group` DISABLE KEYS */;
INSERT INTO `entity_balance_group` VALUES (1,NULL,'INCOMES',1,0),(2,NULL,'INCOMES',2,0);
/*!40000 ALTER TABLE `entity_balance_group` ENABLE KEYS */;
UNLOCK TABLES;

--
-- Table structure for table `monthly_balance`
--

DROP TABLE IF EXISTS `monthly_balance`;
/*!40101 SET @saved_cs_client     = @@character_set_client */;
/*!40101 SET character_set_client = utf8 */;
CREATE TABLE `monthly_balance` (
  `id` int(11) NOT NULL AUTO_INCREMENT,
  `year` smallint(6) NOT NULL,
  `month` smallint(6) NOT NULL,
  `version` bigint(20) NOT NULL DEFAULT '1',
  PRIMARY KEY (`id`),
  KEY `mnthlblnc_yr_mnth_idx` (`year`,`month`)
) ENGINE=InnoDB AUTO_INCREMENT=3 DEFAULT CHARSET=latin1;
/*!40101 SET character_set_client = @saved_cs_client */;

--
-- Dumping data for table `monthly_balance`
--

LOCK TABLES `monthly_balance` WRITE;
/*!40000 ALTER TABLE `monthly_balance` DISABLE KEYS */;
INSERT INTO `monthly_balance` VALUES (1,2015,5,0),(2,2015,6,0);
/*!40000 ALTER TABLE `monthly_balance` ENABLE KEYS */;
UNLOCK TABLES;

--
-- Table structure for table `payment`
--

DROP TABLE IF EXISTS `payment`;
/*!40101 SET @saved_cs_client     = @@character_set_client */;
/*!40101 SET character_set_client = utf8 */;
CREATE TABLE `payment` (
  `id` int(11) NOT NULL AUTO_INCREMENT,
  `value` decimal(15,2) NOT NULL,
  `type` enum('INCOME','EXPENSE') DEFAULT NULL,
  `payment_date` datetime NOT NULL,
  `note` varchar(255) DEFAULT NULL,
  `version` bigint(20) NOT NULL DEFAULT '1',
  PRIMARY KEY (`id`)
) ENGINE=InnoDB AUTO_INCREMENT=53 DEFAULT CHARSET=latin1;
/*!40101 SET character_set_client = @saved_cs_client */;

--
-- Dumping data for table `payment`
--

LOCK TABLES `payment` WRITE;
/*!40000 ALTER TABLE `payment` DISABLE KEYS */;
INSERT INTO `payment` VALUES (1,950.00,'INCOME','2015-05-11 03:00:00','DO NOT KNOW THE EXACT DATE OF PAYMENT. WILL ASSUME AFTER DAY 10, SO NO DISCOUNT',0),(2,950.00,'INCOME','2015-05-11 03:00:00','DO NOT KNOW THE EXACT DATE OF PAYMENT. WILL ASSUME AFTER DAY 10, SO NO DISCOUNT',0),(3,1050.00,'INCOME','2015-05-11 03:00:00','DO NOT KNOW THE EXACT DATE OF PAYMENT. WILL ASSUME AFTER DAY 10, SO NO DISCOUNT',0),(4,1050.00,'INCOME','2015-05-11 03:00:00','DO NOT KNOW THE EXACT DATE OF PAYMENT. WILL ASSUME AFTER DAY 10, SO NO DISCOUNT',0),(5,1050.00,'INCOME','2015-05-11 03:00:00','DO NOT KNOW THE EXACT DATE OF PAYMENT. WILL ASSUME AFTER DAY 10, SO NO DISCOUNT',0),(6,1050.00,'INCOME','2015-05-11 03:00:00','DO NOT KNOW THE EXACT DATE OF PAYMENT. WILL ASSUME AFTER DAY 10, SO NO DISCOUNT',0),(7,950.00,'INCOME','2015-05-11 03:00:00','DO NOT KNOW THE EXACT DATE OF PAYMENT. WILL ASSUME AFTER DAY 10, SO NO DISCOUNT',0),(8,1050.00,'INCOME','2015-05-11 03:00:00','DO NOT KNOW THE EXACT DATE OF PAYMENT. WILL ASSUME AFTER DAY 10, SO NO DISCOUNT',0),(9,950.00,'INCOME','2015-05-11 03:00:00','DO NOT KNOW THE EXACT DATE OF PAYMENT. WILL ASSUME AFTER DAY 10, SO NO DISCOUNT',0),(10,950.00,'INCOME','2015-05-11 03:00:00','DO NOT KNOW THE EXACT DATE OF PAYMENT. WILL ASSUME AFTER DAY 10, SO NO DISCOUNT',0),(11,1050.00,'INCOME','2015-05-11 03:00:00','DO NOT KNOW THE EXACT DATE OF PAYMENT. WILL ASSUME AFTER DAY 10, SO NO DISCOUNT',0),(12,1050.00,'INCOME','2015-05-11 03:00:00','DO NOT KNOW THE EXACT DATE OF PAYMENT. WILL ASSUME AFTER DAY 10, SO NO DISCOUNT',0),(13,950.00,'INCOME','2015-05-11 03:00:00','DO NOT KNOW THE EXACT DATE OF PAYMENT. WILL ASSUME AFTER DAY 10, SO NO DISCOUNT',0),(14,950.00,'INCOME','2015-05-11 03:00:00','DO NOT KNOW THE EXACT DATE OF PAYMENT. WILL ASSUME AFTER DAY 10, SO NO DISCOUNT',0),(15,950.00,'INCOME','2015-05-11 03:00:00','DO NOT KNOW THE EXACT DATE OF PAYMENT. WILL ASSUME AFTER DAY 10, SO NO DISCOUNT',0),(16,1050.00,'INCOME','2015-05-11 03:00:00','DO NOT KNOW THE EXACT DATE OF PAYMENT. WILL ASSUME AFTER DAY 10, SO NO DISCOUNT',0),(17,950.00,'INCOME','2015-05-11 03:00:00','DO NOT KNOW THE EXACT DATE OF PAYMENT. WILL ASSUME AFTER DAY 10, SO NO DISCOUNT',0),(18,1050.00,'INCOME','2015-05-11 03:00:00','DO NOT KNOW THE EXACT DATE OF PAYMENT. WILL ASSUME AFTER DAY 10, SO NO DISCOUNT',0),(19,1050.00,'INCOME','2015-05-11 03:00:00','DO NOT KNOW THE EXACT DATE OF PAYMENT. WILL ASSUME AFTER DAY 10, SO NO DISCOUNT',0),(20,1050.00,'INCOME','2015-05-11 03:00:00','DO NOT KNOW THE EXACT DATE OF PAYMENT. WILL ASSUME AFTER DAY 10, SO NO DISCOUNT',0),(21,1050.00,'INCOME','2015-05-11 03:00:00','DO NOT KNOW THE EXACT DATE OF PAYMENT. WILL ASSUME AFTER DAY 10, SO NO DISCOUNT',0),(22,1050.00,'INCOME','2015-05-11 03:00:00','DO NOT KNOW THE EXACT DATE OF PAYMENT. WILL ASSUME AFTER DAY 10, SO NO DISCOUNT',0),(23,950.00,'INCOME','2015-05-11 03:00:00','DO NOT KNOW THE EXACT DATE OF PAYMENT. WILL ASSUME AFTER DAY 10, SO NO DISCOUNT',0),(24,950.00,'INCOME','2015-05-11 03:00:00','DO NOT KNOW THE EXACT DATE OF PAYMENT. WILL ASSUME AFTER DAY 10, SO NO DISCOUNT',0),(25,1050.00,'INCOME','2015-05-11 03:00:00','DO NOT KNOW THE EXACT DATE OF PAYMENT. WILL ASSUME AFTER DAY 10, SO NO DISCOUNT',0),(26,950.00,'INCOME','2015-05-11 03:00:00','DO NOT KNOW THE EXACT DATE OF PAYMENT. WILL ASSUME AFTER DAY 10, SO NO DISCOUNT',0),(27,950.00,'INCOME','2015-05-11 03:00:00','DO NOT KNOW THE EXACT DATE OF PAYMENT. WILL ASSUME AFTER DAY 10, SO NO DISCOUNT',0),(28,950.00,'INCOME','2015-05-11 03:00:00','DO NOT KNOW THE EXACT DATE OF PAYMENT. WILL ASSUME AFTER DAY 10, SO NO DISCOUNT',0),(29,1050.00,'INCOME','2015-06-11 03:00:00','DO NOT KNOW THE EXACT DATE OF PAYMENT. WILL ASSUME AFTER DAY 10, SO NO DISCOUNT',0),(30,1050.00,'INCOME','2015-06-11 03:00:00','DO NOT KNOW THE EXACT DATE OF PAYMENT. WILL ASSUME AFTER DAY 10, SO NO DISCOUNT',0),(31,1050.00,'INCOME','2015-06-11 03:00:00','DO NOT KNOW THE EXACT DATE OF PAYMENT. WILL ASSUME AFTER DAY 10, SO NO DISCOUNT',0),(32,1050.00,'INCOME','2015-06-11 03:00:00','DO NOT KNOW THE EXACT DATE OF PAYMENT. WILL ASSUME AFTER DAY 10, SO NO DISCOUNT',0),(33,950.00,'INCOME','2015-06-11 03:00:00','DO NOT KNOW THE EXACT DATE OF PAYMENT. WILL ASSUME AFTER DAY 10, SO NO DISCOUNT',0),(34,1050.00,'INCOME','2015-06-11 03:00:00','DO NOT KNOW THE EXACT DATE OF PAYMENT. WILL ASSUME AFTER DAY 10, SO NO DISCOUNT',0),(35,1050.00,'INCOME','2015-06-11 03:00:00','DO NOT KNOW THE EXACT DATE OF PAYMENT. WILL ASSUME AFTER DAY 10, SO NO DISCOUNT',0),(36,1050.00,'INCOME','2015-06-11 03:00:00','DO NOT KNOW THE EXACT DATE OF PAYMENT. WILL ASSUME AFTER DAY 10, SO NO DISCOUNT',0),(37,950.00,'INCOME','2015-06-11 03:00:00','DO NOT KNOW THE EXACT DATE OF PAYMENT. WILL ASSUME AFTER DAY 10, SO NO DISCOUNT',0),(38,950.00,'INCOME','2015-06-11 03:00:00','DO NOT KNOW THE EXACT DATE OF PAYMENT. WILL ASSUME AFTER DAY 10, SO NO DISCOUNT',0),(39,950.00,'INCOME','2015-06-11 03:00:00','DO NOT KNOW THE EXACT DATE OF PAYMENT. WILL ASSUME AFTER DAY 10, SO NO DISCOUNT',0),(40,1050.00,'INCOME','2015-06-11 03:00:00','DO NOT KNOW THE EXACT DATE OF PAYMENT. WILL ASSUME AFTER DAY 10, SO NO DISCOUNT',0),(41,1050.00,'INCOME','2015-06-11 03:00:00','DO NOT KNOW THE EXACT DATE OF PAYMENT. WILL ASSUME AFTER DAY 10, SO NO DISCOUNT',0),(42,1050.00,'INCOME','2015-06-11 03:00:00','DO NOT KNOW THE EXACT DATE OF PAYMENT. WILL ASSUME AFTER DAY 10, SO NO DISCOUNT',0),(43,950.00,'INCOME','2015-06-11 03:00:00','DO NOT KNOW THE EXACT DATE OF PAYMENT. WILL ASSUME AFTER DAY 10, SO NO DISCOUNT',0),(44,1050.00,'INCOME','2015-06-11 03:00:00','DO NOT KNOW THE EXACT DATE OF PAYMENT. WILL ASSUME AFTER DAY 10, SO NO DISCOUNT',0),(45,950.00,'INCOME','2015-06-11 03:00:00','DO NOT KNOW THE EXACT DATE OF PAYMENT. WILL ASSUME AFTER DAY 10, SO NO DISCOUNT',0),(46,950.00,'INCOME','2015-06-11 03:00:00','DO NOT KNOW THE EXACT DATE OF PAYMENT. WILL ASSUME AFTER DAY 10, SO NO DISCOUNT',0),(47,1050.00,'INCOME','2015-06-11 03:00:00','DO NOT KNOW THE EXACT DATE OF PAYMENT. WILL ASSUME AFTER DAY 10, SO NO DISCOUNT',0),(48,1050.00,'INCOME','2015-06-11 03:00:00','DO NOT KNOW THE EXACT DATE OF PAYMENT. WILL ASSUME AFTER DAY 10, SO NO DISCOUNT',0),(49,1050.00,'INCOME','2015-06-11 03:00:00','DO NOT KNOW THE EXACT DATE OF PAYMENT. WILL ASSUME AFTER DAY 10, SO NO DISCOUNT',0),(50,1050.00,'INCOME','2015-06-11 03:00:00','DO NOT KNOW THE EXACT DATE OF PAYMENT. WILL ASSUME AFTER DAY 10, SO NO DISCOUNT',0),(51,950.00,'INCOME','2015-06-11 03:00:00','DO NOT KNOW THE EXACT DATE OF PAYMENT. WILL ASSUME AFTER DAY 10, SO NO DISCOUNT',0),(52,1050.00,'INCOME','2015-06-11 03:00:00','DO NOT KNOW THE EXACT DATE OF PAYMENT. WILL ASSUME AFTER DAY 10, SO NO DISCOUNT',0);
/*!40000 ALTER TABLE `payment` ENABLE KEYS */;
UNLOCK TABLES;

--
-- Table structure for table `person`
--

DROP TABLE IF EXISTS `person`;
/*!40101 SET @saved_cs_client     = @@character_set_client */;
/*!40101 SET character_set_client = utf8 */;
CREATE TABLE `person` (
  `id` int(11) NOT NULL AUTO_INCREMENT,
  `first_name` varchar(50) DEFAULT NULL,
  `middle_name` varchar(255) DEFAULT NULL,
  `last_name` varchar(50) DEFAULT NULL,
  `document` varchar(11) DEFAULT NULL,
  `version` bigint(20) NOT NULL DEFAULT '1',
  PRIMARY KEY (`id`)
) ENGINE=InnoDB AUTO_INCREMENT=37 DEFAULT CHARSET=latin1;
/*!40101 SET character_set_client = @saved_cs_client */;

--
-- Dumping data for table `person`
--

LOCK TABLES `person` WRITE;
/*!40000 ALTER TABLE `person` DISABLE KEYS */;
INSERT INTO `person` VALUES (1,'ANTONIA','GONCALVES DE','CARVALHO',NULL,0),(2,'MOACIR','FERREIRA CHAVES','JUNIOR',NULL,0),(3,'HELENA','EDUARDO VARELA','ASFORA',NULL,0),(4,'FULANO','??? DO','1201',NULL,0),(5,'MARLENE','BARBOSA','PONTES',NULL,0),(6,'MARIA','DE LOURDES DOS','SANTOS',NULL,0),(7,'KATIA','MARQUES','TRINDADE',NULL,0),(8,'DANIELA','BEZERRA DE MENEZES','?',NULL,0),(9,'FRANCISCA','DAS CHAGAS','NUNES',NULL,0),(10,'CARMEM','LUCIA NEVES DE','LUNA',NULL,0),(11,'MARIA','JOSE BORGES','GOMES',NULL,0),(12,'OTACILIO','BATISTA DE','SOUZA',NULL,0),(13,'ROBERTO','JOSE DE ARAUJO','LIMA',NULL,0),(14,'ALEXANDRE','AUGUSTO VAZ','MACH',NULL,0),(15,'MARIA','AMELIA V','FALCAO',NULL,0),(16,'JOSE','SALVIANO DE SOUZA','MELO',NULL,0),(17,'MARCIA','DE OLIVEIRA','COSTA',NULL,0),(18,'MARIA','DALVA BAISLIO DE','LIMA',NULL,0),(19,'FULANO','??? DO','201',NULL,0),(20,'EDNA','LINS DO','NASCIMENTO',NULL,0),(21,'GERALDO','JOSE MOURA DE','ALMEIDA',NULL,0),(22,'LUDMILA','ALMEIDA SILVA','MIRANDA',NULL,0),(23,'FULANO','??? DO','301',NULL,0),(24,'SOSTENES','GOMES','CAVALCANTI',NULL,0),(25,'MARIA','DE JESUS FARIAS DA','SILVA',NULL,0),(26,'JOSE','AUGUSTO DOS SANTOS','NETO',NULL,0),(27,'FRANCISCO','ARILO','MAGALHAES',NULL,0),(28,'ANDRE',NULL,'MACHADO',NULL,0),(29,'JOSE','ADNORT','ROBERTO',NULL,0),(30,'ANA','GEORGINA ALVES','DIAS',NULL,0),(31,'GEORGE','SILVEIRA','SOSTENES',NULL,0),(32,'LUIZ','CARLOS MACIERE DE','?',NULL,0),(33,'ZAIRA','MAURICIO','MACHADO',NULL,0),(34,'ROGERIO','GONCALVES','MIRO',NULL,0),(35,'ALEJO',NULL,'CEBALLOS',NULL,0),(36,'HELENA','CAMPOS','CAVALCANTI',NULL,0);
/*!40000 ALTER TABLE `person` ENABLE KEYS */;
UNLOCK TABLES;

--
-- Table structure for table `residence`
--

DROP TABLE IF EXISTS `residence`;
/*!40101 SET @saved_cs_client     = @@character_set_client */;
/*!40101 SET character_set_client = utf8 */;
CREATE TABLE `residence` (
  `apartment_id` int(11) NOT NULL,
  `person_id` int(11) NOT NULL,
  PRIMARY KEY (`apartment_id`,`person_id`),
  KEY `fk_rsdnc_prsn` (`person_id`),
  CONSTRAINT `fk_rsdnc_aprtmnt` FOREIGN KEY (`apartment_id`) REFERENCES `apartment` (`id`),
  CONSTRAINT `fk_rsdnc_prsn` FOREIGN KEY (`person_id`) REFERENCES `person` (`id`)
) ENGINE=InnoDB DEFAULT CHARSET=latin1;
/*!40101 SET character_set_client = @saved_cs_client */;

--
-- Dumping data for table `residence`
--

LOCK TABLES `residence` WRITE;
/*!40000 ALTER TABLE `residence` DISABLE KEYS */;
INSERT INTO `residence` VALUES (1,1),(2,2),(3,3),(4,4),(5,5),(6,6),(7,7),(8,8),(9,9),(10,10),(11,11),(12,12),(13,13),(14,14),(15,15),(16,16),(17,17),(18,18),(19,19),(20,20),(21,21),(22,22),(23,23),(24,24),(25,25),(26,26),(27,27),(28,28),(29,29),(30,30),(31,31),(32,32),(33,33),(34,34),(35,35),(36,36);
/*!40000 ALTER TABLE `residence` ENABLE KEYS */;
UNLOCK TABLES;
/*!40103 SET TIME_ZONE=@OLD_TIME_ZONE */;

/*!40101 SET SQL_MODE=@OLD_SQL_MODE */;
/*!40014 SET FOREIGN_KEY_CHECKS=@OLD_FOREIGN_KEY_CHECKS */;
/*!40014 SET UNIQUE_CHECKS=@OLD_UNIQUE_CHECKS */;
/*!40101 SET CHARACTER_SET_CLIENT=@OLD_CHARACTER_SET_CLIENT */;
/*!40101 SET CHARACTER_SET_RESULTS=@OLD_CHARACTER_SET_RESULTS */;
/*!40101 SET COLLATION_CONNECTION=@OLD_COLLATION_CONNECTION */;
/*!40111 SET SQL_NOTES=@OLD_SQL_NOTES */;

-- Dump completed on 2015-08-11  2:26:51
